{"loss": [0.16023923456668854, 0.09938235580921173, 0.060730643570423126, 0.03715759515762329, 0.023228919133543968, 0.015066065825521946, 0.010380757041275501, 0.007627377286553383, 0.005655653774738312, 0.004318085964769125, 0.003591629909351468, 0.003124449634924531, 0.002805616706609726, 0.0025767411570996046, 0.002439548959955573, 0.002356189303100109, 0.0022794166579842567, 0.002241863403469324, 0.0022007296793162823, 0.0021651219576597214, 0.002144505502656102, 0.00212613632902503, 0.0020463247783482075, 0.0020384439267218113, 0.0020235853735357523, 0.0020018690265715122, 0.002014356665313244, 0.001959201879799366, 0.0019403231563046575, 0.0019433759152889252, 0.00194776919670403, 0.0019355074036866426, 0.0019352465169504285, 0.0019214735366404057, 0.0019272908102720976, 0.0019221921684220433, 0.0019150940934196115, 0.0018946350319311023, 0.0018761298852041364, 0.001879366347566247, 0.0018877029651775956, 0.0018793446943163872, 0.0018682898953557014, 0.0018530720844864845, 0.0018641080241650343, 0.0018643452785909176, 0.0018673421582207084, 0.0018534937407821417, 0.0018533607944846153, 0.0018488632049411535, 0.0018515842966735363, 0.001848398707807064, 0.0018498918507248163, 0.0018356596119701862, 0.0018415742088109255, 0.0018415674567222595, 0.0018388686003163457, 0.0018388325115665793], "mae": [0.483350932598114, 0.29080140590667725, 0.20416073501110077, 0.15376098453998566, 0.1246366873383522, 0.10482169687747955, 0.09073954075574875, 0.08100724220275879, 0.07146644592285156, 0.06364528834819794, 0.0591496080160141, 0.055982623249292374, 0.05363241210579872, 0.05163240060210228, 0.050499774515628815, 0.049735695123672485, 0.048957712948322296, 0.04861575365066528, 0.04813478887081146, 0.04771857708692551, 0.04742053523659706, 0.04732304438948631, 0.04642915725708008, 0.046434495598077774, 0.046329088509082794, 0.04603061452507973, 0.04623079299926758, 0.045607876032590866, 0.0454477034509182, 0.0455259270966053, 0.04555503651499748, 0.04548201337456703, 0.04543976113200188, 0.04526491463184357, 0.04540069028735161, 0.04531238600611687, 0.045198820531368256, 0.044957488775253296, 0.04472707211971283, 0.04484330862760544, 0.04488775506615639, 0.04483418166637421, 0.04471486806869507, 0.044503141194581985, 0.04467430338263512, 0.044694188982248306, 0.04468879476189613, 0.04460986331105232, 0.04458317533135414, 0.04453650489449501, 0.04459291324019432, 0.04445527121424675, 0.044510602951049805, 0.04433968663215637, 0.04443921521306038, 0.04440674930810928, 0.04441438242793083, 0.04438895359635353], "rmse": [0.6391748785972595, 0.3823157548904419, 0.26401758193969727, 0.19947673380374908, 0.16354122757911682, 0.13846245408058167, 0.12029097229242325, 0.10761827230453491, 0.09499164670705795, 0.08435774594545364, 0.07833624631166458, 0.07406268268823624, 0.07082979381084442, 0.06825446337461472, 0.06672673672437668, 0.06574283540248871, 0.064674973487854, 0.06425416469573975, 0.06363397091627121, 0.06307363510131836, 0.06283645331859589, 0.06255242228507996, 0.06149672716856003, 0.061528462916612625, 0.061320655047893524, 0.060960739850997925, 0.061210282146930695, 0.06041399762034416, 0.06012222170829773, 0.06023219972848892, 0.06034063175320625, 0.06014047935605049, 0.06016925722360611, 0.05994590371847153, 0.06005644425749779, 0.05996577441692352, 0.05984921753406525, 0.05952771008014679, 0.05926945433020592, 0.05930924788117409, 0.05949706584215164, 0.05934455618262291, 0.059214700013399124, 0.05894868075847626, 0.059173308312892914, 0.059168171137571335, 0.05924574285745621, 0.05901670828461647, 0.05899810045957565, 0.058916863054037094, 0.05898383632302284, 0.05894722789525986, 0.05896725505590439, 0.05872439220547676, 0.05882304534316063, 0.058844003826379776, 0.058785464614629745, 0.05881964787840843], "val_loss": [0.11733449250459671, 0.069268137216568, 0.038765281438827515, 0.02293749526143074, 0.013864063657820225, 0.008930562995374203, 0.006508333142846823, 0.00474328501150012, 0.0035439517814666033, 0.0029298949521034956, 0.002576946746557951, 0.0025062814820557833, 0.0023973602801561356, 0.0024064010940492153, 0.002066441811621189, 0.0020755308214575052, 0.0018835379742085934, 0.002025631722062826, 0.0021479520946741104, 0.0019436716102063656, 0.0018781068501994014, 0.0018626234959810972, 0.001854883274063468, 0.0020734979771077633, 0.0018128234660252929, 0.001943850191310048, 0.0018983661429956555, 0.0018322900868952274, 0.0019202661933377385, 0.001814475515857339, 0.0019143009558320045, 0.0017820430221036077, 0.0017784677911549807, 0.001854544971138239, 0.001823931117542088, 0.0017909456510096788, 0.001818258548155427, 0.0017496758373454213, 0.0017898159567266703, 0.0017487496370449662, 0.0018300543306395411, 0.0017736500594764948, 0.001748103299178183, 0.0017772120190784335, 0.0017372854053974152, 0.0016819315496832132, 0.001753220334649086, 0.0017788741970434785, 0.0017393004382029176, 0.0017496165819466114, 0.0017859445651993155, 0.0017253388650715351, 0.0017136743990704417, 0.0017335021402686834, 0.0017483971314504743, 0.0017516661901026964, 0.0017326978268101811, 0.00174696312751621], "val_mae": [0.29734453558921814, 0.18345145881175995, 0.11642292141914368, 0.0910966694355011, 0.07995044440031052, 0.06996677070856094, 0.06775078177452087, 0.061508048325777054, 0.054070744663476944, 0.05116529017686844, 0.048823282122612, 0.049734994769096375, 0.0497218519449234, 0.04976792261004448, 0.04509458318352699, 0.04535383731126785, 0.042371537536382675, 0.04451712593436241, 0.04708939045667648, 0.04347563534975052, 0.042190007865428925, 0.04190840944647789, 0.04237406700849533, 0.04652145132422447, 0.0416904017329216, 0.044410645961761475, 0.0433550700545311, 0.04252271726727486, 0.04413026571273804, 0.04259681701660156, 0.04395873844623566, 0.041551608592271805, 0.04172307625412941, 0.04315314441919327, 0.0424766018986702, 0.042019739747047424, 0.04243149980902672, 0.041363541036844254, 0.04210122674703598, 0.04147109389305115, 0.04275054484605789, 0.04181016981601715, 0.04139641672372818, 0.041818972676992416, 0.04124497249722481, 0.04020596295595169, 0.041378043591976166, 0.042031727731227875, 0.041338637471199036, 0.04147990047931671, 0.04221266135573387, 0.04118666797876358, 0.04089406505227089, 0.04128773510456085, 0.04151249676942825, 0.041551921516656876, 0.04122021049261093, 0.04150954633951187], "val_rmse": [0.3889910876750946, 0.24699975550174713, 0.14636236429214478, 0.11550035327672958, 0.10049611330032349, 0.08965102583169937, 0.08599076420068741, 0.07873310148715973, 0.07168758660554886, 0.06833051145076752, 0.06618036329746246, 0.06676297634840012, 0.0663403645157814, 0.06697967648506165, 0.062430012971162796, 0.06276529282331467, 0.059918973594903946, 0.06238217651844025, 0.06414353102445602, 0.061147917062044144, 0.06000208482146263, 0.059816908091306686, 0.05999350547790527, 0.06352390348911285, 0.059478554874658585, 0.06149311736226082, 0.060828376561403275, 0.059807173907756805, 0.06137936934828758, 0.059626732021570206, 0.061236243695020676, 0.0591476745903492, 0.05915215611457825, 0.060320597141981125, 0.05996929109096527, 0.05929802358150482, 0.05972232669591904, 0.058666836470365524, 0.05933361500501633, 0.05871602147817612, 0.06000036746263504, 0.05919111147522926, 0.058744460344314575, 0.0592774972319603, 0.05863776057958603, 0.05776248499751091, 0.05889980494976044, 0.05931057780981064, 0.058705735951662064, 0.05888626351952553, 0.05941362679004669, 0.05842171609401703, 0.05823792889714241, 0.05857234448194504, 0.05883802846074104, 0.05889046564698219, 0.05859983712434769, 0.058804742991924286],