{
  "mae": 72.91820526123047,
  "rmse": 97.56481170654297,
  "smape": 5.995752811431885,
  "best_val_huber": 0.0016819315496832132,
  "total_epochs": 58,
  "huber_delta": 0.16642424710441633
}