{"loss": [0.023551683872938156, 0.009811000898480415, 0.0038008682895451784, 0.002769938437268138, 0.002279539592564106, 0.001978820189833641, 0.0017673943657428026, 0.0015801943372935057, 0.001447194372303784, 0.0013450791593641043, 0.0012588152894750237, 0.0011873904149979353, 0.0011289662215858698, 0.0010661634150892496, 0.0010188176529482007, 0.0009684114484116435, 0.0009266581619158387, 0.00089029420632869, 0.0008545253658667207, 0.0008273938437923789, 0.0007960589719004929, 0.0007604614365845919, 0.0007378844311460853, 0.0007088485290296376, 0.0006863420712761581, 0.0006596183520741761, 0.0006466512568295002, 0.0006256194901652634, 0.0006043476168997586, 0.0005906128790229559, 0.0005731460987590253, 0.0005599684664048254, 0.0005266867228783667, 0.0005181693122722208, 0.0005141635774634778, 0.0005076389643363655, 0.0005007833242416382, 0.0004930607974529266, 0.00048721226630732417, 0.0004815131542272866, 0.0004758258874062449, 0.0004703969752881676, 0.0004552481113933027, 0.00045386154670268297, 0.0004487891565077007, 0.00044631294440478086, 0.00044489995343610644, 0.0004376934375613928, 0.00043488937080837786, 0.0004338173021096736, 0.00043193556484766304, 0.0004309436189942062, 0.0004271323559805751, 0.000426376995164901, 0.0004240385605953634, 0.0004260573477949947, 0.0004224837466608733, 0.0004210021870676428, 0.0004208690661471337, 0.00042039979598484933, 0.00041979094385169446, 0.00041934536420740187, 0.0004175877256784588, 0.0004177045193500817, 0.0004178156377747655, 0.0004185643920209259, 0.00041713385144248605, 0.00041745745693333447, 0.000416524795582518, 0.00041662491275928915, 0.0004159783711656928, 0.0004164236015640199, 0.0004160751705057919, 0.00041595406946726143, 0.000415653019445017, 0.00041532976320013404, 0.0004145916609559208, 0.00041493726894259453, 0.0004160952230449766, 0.0004165263380855322, 0.0004139201482757926, 0.0004150588938500732, 0.00041594437789171934, 0.00041553383925929666, 0.0004146316787227988, 0.00041467673145234585, 0.0004156248760409653, 0.00041365058859810233, 0.0004149625892750919, 0.00041511052404530346, 0.0004155583737883717, 0.0004148540610913187, 0.0004151615721639246, 0.00041572959162294865, 0.00041472844895906746, 0.00041458458872511983, 0.00041495030745863914, 0.0004135114431846887, 0.0004151862522121519, 0.00041460280772298574], "mae": [0.15272851288318634, 0.09903818368911743, 0.06348694115877151, 0.05358126759529114, 0.04814842343330383, 0.044486887753009796, 0.04181580990552902, 0.03933556005358696, 0.037476796656847, 0.03600923717021942, 0.03472656011581421, 0.03369010612368584, 0.032816916704177856, 0.031863823533058167, 0.031156394630670547, 0.030360208824276924, 0.029697101563215256, 0.029109934344887733, 0.02845940552651882, 0.02801729179918766, 0.02745833992958069, 0.026769546791911125, 0.02635607309639454, 0.02577357180416584, 0.02532089874148369, 0.024799035862088203, 0.024525141343474388, 0.024080434814095497, 0.023651348426938057, 0.02332059107720852, 0.022962776944041252, 0.022701412439346313, 0.021849211305379868, 0.021647213026881218, 0.021592848002910614, 0.021456435322761536, 0.021294428035616875, 0.02112532965838909, 0.02096368931233883, 0.02083575539290905, 0.020704563707113266, 0.020580235868692398, 0.020141476765275, 0.020118121057748795, 0.02000073716044426, 0.019939057528972626, 0.01989230141043663, 0.019686827436089516, 0.019618071615695953, 0.01959664560854435, 0.01954900287091732, 0.019512798637151718, 0.019396070390939713, 0.019382815808057785, 0.019327247515320778, 0.019367238506674767, 0.019293829798698425, 0.019238900393247604, 0.019233042374253273, 0.019227439537644386, 0.01921604946255684, 0.0192000400274992, 0.01914290152490139, 0.01914920285344124, 0.01914997771382332, 0.019163081422448158, 0.019134562462568283, 0.01913590356707573, 0.019112588837742805, 0.01912051811814308, 0.01910426653921604, 0.019110707566142082, 0.019105086103081703, 0.01910523697733879, 0.019101597368717194, 0.019095897674560547, 0.01906990073621273, 0.019071660935878754, 0.019092673435807228, 0.019101513549685478, 0.01906842365860939, 0.019086414948105812, 0.019090015441179276, 0.019089901819825172, 0.01907932572066784, 0.01906358264386654, 0.0190854724496603, 0.01905922219157219, 0.01907283440232277, 0.01908029243350029, 0.019077487289905548, 0.01907213404774666, 0.019070940092206, 0.01908702962100506, 0.019073322415351868, 0.019083665683865547, 0.019068166613578796, 0.019037021324038506, 0.0190682802349329, 0.019066041335463524], "val_loss": [0.013547767885029316, 0.004568862728774548, 0.002866010880097747, 0.002397329080849886, 0.0021055438555777073, 0.0017497596563771367, 0.0016375866252928972, 0.00163086608517915, 0.0014262900222092867, 0.0013340214500203729, 0.0012117403093725443, 0.0012017413973808289, 0.0011009585577994585, 0.0011166532058268785, 0.0009754634811542928, 0.0009383427677676082, 0.0009298547520302236, 0.0008420474478043616, 0.0008519794791936874, 0.0008345984388142824, 0.000780646107159555, 0.0007503979140892625, 0.0007276971591636539, 0.0007085413672029972, 0.0006593955331481993, 0.0006774841458536685, 0.0006103180930949748, 0.0006021318258717656, 0.0006249556317925453, 0.0005845902487635612, 0.0005944650038145483, 0.0005822965176776052, 0.0005352288717404008, 0.0005440447712317109, 0.000521656300406903, 0.0005315223825164139, 0.0005055652582086623, 0.0005262615741230547, 0.0005077005480416119, 0.0004934215103276074, 0.0004858124302700162, 0.0005023347330279648, 0.0004672542854677886, 0.00046564178774133325, 0.00046362768625840545, 0.0004589890595525503, 0.0004667038156185299, 0.0004556704661808908, 0.00045765729737468064, 0.00045351884909905493, 0.0004496502806432545, 0.0004553638573270291, 0.0004432101850397885, 0.0004460953641682863, 0.0004449608095455915, 0.00044477995834313333, 0.00044292566599324346, 0.0004430144326761365, 0.0004415119474288076, 0.00044222004362381995, 0.0004410809196997434, 0.0004405007348395884, 0.0004387901572044939, 0.0004386143700685352, 0.00043959030881524086, 0.0004391174588818103, 0.0004396822187118232, 0.00043776040547527373, 0.0004379980091471225, 0.0004379306919872761, 0.0004382161423563957, 0.00043780135456472635, 0.00043791334610432386, 0.0004369211965240538, 0.00043613932211883366, 0.00043696616194210947, 0.0004364631895441562, 0.0004369457019492984, 0.00043646572157740593, 0.000436037196777761, 0.0004362854524515569, 0.00043613891466520727, 0.0004366685461718589, 0.0004365563509054482, 0.0004364826309029013, 0.00043595474562607706, 0.0004358360602054745, 0.00043656627531163394, 0.00043614188325591385, 0.0004356196441221982, 0.00043581280624493957, 0.00043610268039628863, 0.0004358427249826491, 0.00043630271102301776, 0.0004361807368695736, 0.0004356600984465331, 0.0004358704318292439, 0.0004359704616945237, 0.00043581792851909995, 0.0004361684259492904],