{
    "threshold": 0.04276900365948677,
    "max_train": 0.04073238745331764,
    "buffer_multiplier": 1.05
}